athlete1_id,athlete2_id,age_diff,sport_match,level_match,training_vol_diff,recovery_diff,mental_mood_diff,engagement_diff,injury_history_diff,family_status_match,communication_style_match,social_support_diff,life_balance_diff,match_probability,mutual_match
ATH_001,ATH_080,8,0,1,564.7993018228146,15.782858104848415,3.400025518436313,0.4369999743235624,0,1,0,0.10779861381575273,3.3645411499536113,0.5853693393360523,0
ATH_001,ATH_096,12,0,2,280.73402960967064,35.30989381552247,3.3023132796864516,0.5740297073380951,4,0,0,1.7192461868995181,1.4214325416722797,0.4289719209678813,0
ATH_001,ATH_093,9,0,2,51.85764456894685,40.48431737721644,2.527788281402133,0.7540823198538131,1,0,0,1.413378953865859,0.9380638411336806,0.4875751598625788,0
ATH_001,ATH_062,4,0,1,15.79141716981053,3.9727379204595437,3.889169038614459,0.6518378160726233,1,1,1,1.0532186566553143,0.6467674986904148,0.6811916808133914,1
ATH_001,ATH_027,7,0,2,481.3174818056266,48.17112513868274,0.0014652616925676654,1.5194211793593029,4,1,0,0.09972748821263444,0.8607057363102699,0.5086944513399221,0
ATH_001,ATH_089,5,0,2,389.1813224189734,27.545773114503604,3.019632584970738,1.7011077002246955,4,1,0,0.9582790856037136,0.8512085868417723,0.5257874338087286,0
ATH_001,ATH_032,2,0,3,166.94309737071512,30.21029630355524,0.2241527598103108,0.42314680834886076,0,1,1,0.23141408623665427,2.2002949680963875,0.6184555556382116,0
ATH_001,ATH_069,20,0,2,190.47727291080923,13.51363959620106,4.06467520422657,0.6897139141102073,3,0,0,1.2901417144714014,2.5334045441283486,0.428751799847366,0
ATH_003,ATH_025,1,0,0,449.2263475728946,4.7396213449357845,3.3284728259605307,1.6893557525197354,5,1,0,1.5265425335997724,0.2890362087858982,0.7243502371731094,1
ATH_003,ATH_033,5,0,1,250.42636644569552,5.708531356512481,3.047055722044516,1.644140295481738,2,0,0,1.7378183531020008,2.889034356049197,0.6273028880888308,0
ATH_003,ATH_021,8,0,0,527.7078298461488,13.127031142271619,3.518766698342705,0.4507229083693618,1,0,0,2.1291245193812065,1.6926590881108954,0.6252737869723067,0
ATH_003,ATH_046,5,0,1,169.20342928655555,19.52564771297699,2.163045323044382,2.3303608157637408,3,1,0,3.6071243003079614,1.173007861011559,0.6106835809029537,0
ATH_003,ATH_082,5,0,0,159.9531608970151,5.815991478636349,3.058490020487821,2.085541133853213,4,1,0,2.7572833575478617,0.4805704410982461,0.6819453372644539,1
ATH_003,ATH_088,8,0,2,244.11298713171846,10.106736501938215,4.016219757461202,1.1020490030864645,5,0,0,1.047558355912968,3.0374392958269123,0.5183915146128704,0
ATH_003,ATH_083,8,1,1,274.25360404196726,1.4058746335071959,2.63038529732368,1.0080915768409033,1,1,0,1.4279486881024868,0.8458458067464267,0.7253741752309701,1
ATH_003,ATH_066,4,0,1,394.5694275780502,6.673043324953838,0.22257432966384982,1.9486457433924231,5,0,0,2.5812385313680783,1.4360316290448303,0.6770573097596609,1
ATH_005,ATH_055,1,0,1,861.3767160618145,2.0771668953092046,1.6038156905012535,0.913589794411803,3,1,0,0.01179387886395844,1.9971625850255457,0.7086054541412486,1
ATH_005,ATH_012,8,0,2,0.2474985287576601,1.6776150401910002,0.7087276474435704,0.6793396282932083,2,0,0,0.807324651173225,0.8382110865422892,0.6312663963827699,0
ATH_005,ATH_096,12,1,1,750.4435312081982,5.111405414914572,0.09672666552556208,1.2106402167400425,1,0,0,2.0935732351254153,1.96391329812164,0.6685232100972677,1
ATH_005,ATH_083,2,0,0,553.6358746801338,8.789931054249763,1.485529507992828,0.015942936498468896,4,0,0,1.4142740575492514,0.04417879765793131,0.7589367543108384,1
ATH_005,ATH_019,1,0,1,97.06302296961258,3.969851331859388,3.5045030850868173,0.10267840832278896,0,0,1,0.5937698391714701,0.28405653644535,0.7288293508627594,1
ATH_005,ATH_097,9,0,2,187.6386211393774,1.9832734612738392,2.4787235561767815,0.655457211089554,5,0,0,2.698651089242035,0.5050546669901479,0.569113353708955,0
ATH_005,ATH_007,6,1,1,103.27766515103804,13.708560462122989,1.1377400784962788,0.32410297194400783,4,0,0,0.45199461178895817,1.2703061686550443,0.7605855907332235,1
ATH_005,ATH_081,10,0,1,1265.6593996027655,1.1228931041398198,1.1715265087490074,0.8111163407441762,4,0,0,1.7416422901955526,0.1217221483324602,0.6196755811148876,0
ATH_007,ATH_047,1,0,1,853.4610588471451,15.857842430864693,2.0843787881132387,1.8969036739131493,1,1,0,0.9486605261558978,2.272673095715958,0.7034515198148578,1
ATH_007,ATH_040,4,1,1,422.2701941055393,15.0426254819794,0.887940306972367,0.11976606479685614,1,0,1,1.5212890983818195,1.0822938030421456,0.7806748062122099,1
ATH_007,ATH_079,5,1,0,811.5770383249023,27.321027110975947,1.3447591176300513,2.1347906030580805,4,0,0,2.4386305946145104,0.8851019569603444,0.702361282876874,1
ATH_007,ATH_100,1,1,0,254.5634745070588,46.653115922490656,1.081203863809284,0.6841289153099206,1,0,0,2.0975057437895472,1.1223541286720229,0.7878382946821818,1
ATH_007,ATH_060,3,0,0,323.05957991917603,18.953220090909255,1.0363971125571219,0.13247100405059165,1,1,1,0.8756829833079305,2.0485890464190186,0.8133097646410111,1
ATH_007,ATH_012,2,0,1,103.5251636797957,12.030945421931989,1.8464677259398492,1.003442600237216,2,0,0,1.2593192629621832,2.1085172551973335,0.6999045393089102,1
ATH_007,ATH_035,4,0,0,708.2633176632919,34.89884735816132,0.7659426541402947,0.3202881645103872,2,1,1,0.3468399034206744,0.1013658521121279,0.7356213903592338,1
ATH_007,ATH_027,1,1,0,114.88564535813703,4.264076275951851,2.2598346050231672,0.5587076980133476,3,0,0,0.022059924649573404,1.588531148515954,0.871306539828786,1
ATH_009,ATH_078,0,0,1,361.12099525759777,8.058881380549181,1.4134447241884125,0.27923557946508293,1,0,0,1.803236085269761,0.9991092453737993,0.7502070336332727,1
ATH_009,ATH_085,0,0,0,888.2692371392404,0.7805279777071092,1.1354038102919661,0.20686665275721072,0,0,0,1.9638264010258215,0.5383681040190025,0.7972956138549744,1
ATH_009,ATH_023,4,0,0,851.860851395636,15.574544287440858,2.712050291114571,0.3275880280997807,5,0,0,1.2390719576284894,2.2663822106269507,0.7202913828151175,1
ATH_009,ATH_043,3,0,1,1437.061252947064,3.4797249634250846,1.612219838290672,0.8456051915200078,1,0,0,1.9986633845294506,2.8164481403255035,0.6394498003430091,0
ATH_009,ATH_086,4,1,2,473.35171639232885,8.552706131732918,2.3980122764094736,0.11318972831927798,3,0,0,0.43314431044743706,0.1881658847794272,0.7071377297779954,1
ATH_009,ATH_005,8,1,1,381.71939923946593,0.4523316508851565,0.5175087761970021,0.25833158310057946,5,0,0,2.9750123713183942,0.19751225713775522,0.7629666609538874,1
ATH_009,ATH_015,4,0,0,453.8371465052519,25.72078821773924,1.3173923835937016,1.5985749454895153,5,1,0,0.3701404695530197,3.258598579615298,0.7300586164204814,1
ATH_009,ATH_082,7,0,0,821.0548307746476,2.020396592991375,1.396125454959967,1.351724076611358,4,0,0,2.8900729832145178,1.173082788364849,0.6630916874435441,1
ATH_011,ATH_086,5,0,2,599.7458152863946,5.729963152146354,1.1290979582753593,0.5747135095618141,3,0,0,0.35630588327220813,0.4042284952815578,0.6716047317957157,1
ATH_011,ATH_042,12,0,1,892.0459407057083,0.728021637941751,0.9311078218494604,0.633256686702369,2,1,1,1.3227685056892442,3.61816299253792,0.6393318458332196,0
ATH_011,ATH_041,4,0,2,1229.252114950557,6.086474460455349,0.8140987324863236,0.4329071590979572,5,1,0,2.7605361229669843,3.1559037427105725,0.613920859369195,0
ATH_011,ATH_087,8,0,0,842.7099181738595,5.376326154731316,0.472986715368644,1.5431193408766601,0,0,1,1.596444284214428,2.310346499317477,0.664401703210385,1
ATH_011,ATH_006,2,0,1,547.8842554333489,18.98730077683382,1.3979746560730426,0.01104012752160255,2,0,0,1.4890023606634912,4.215680585424571,0.7426736600459664,1
ATH_011,ATH_069,21,0,0,412.1459037515392,13.40977417393512,2.452058353345673,2.0461797878552703,3,0,0,1.2337051814458668,3.4707674235009387,0.5703024256405936,0
ATH_011,ATH_004,3,1,1,835.0204225151092,14.149826154073025,3.0242867386290353,1.778156384231477,1,0,0,1.1588736013790486,0.3759704250853133,0.6899631414746697,1
ATH_011,ATH_055,0,0,0,169.9985836225569,1.1979077351625165,0.18260740382986285,0.1937344300686874,2,0,0,2.9099678230071238,2.3920447079487754,0.8507524883067235,1
ATH_013,ATH_038,20,0,1,259.27947193032196,10.61047457291879,3.2952456260242053,1.6422066332086462,1,0,0,1.4203627227086901,2.343873594141235,0.4807550254138231,0
ATH_013,ATH_070,5,0,1,570.7853744469392,11.424679105780655,1.5070518347346642,0.6970582379937467,2,0,0,1.2242489626168744,0.15028378889527083,0.7012612520980962,1
ATH_013,ATH_042,12,1,0,82.43200904901732,10.145669183704726,2.551517913886128,0.05010955535259409,3,0,0,0.7109758524907983,0.46585274950550826,0.718504892180218,1
ATH_013,ATH_083,1,0,2,671.8716738975672,1.1913148630750072,1.9213036783749562,0.15265116949180957,4,1,1,0.5498444715861286,2.713249322451251,0.683507276372458,1
ATH_013,ATH_069,21,1,1,397.46802790515176,24.283464995581596,4.0724684453823405,1.4630326565054954,2,1,0,0.8000391767341757,0.3184571804685268,0.5262848047768535,0
ATH_013,ATH_006,2,1,2,1357.49818709004,29.860991598480297,0.22243543596362514,0.5721070038281724,3,0,0,0.5447419975165513,1.063370342392159,0.6624191901296483,1
ATH_013,ATH_057,9,1,1,792.9833937408112,13.850866453017034,2.9004185180544155,0.9454448009199092,0,0,0,2.155142503080354,0.12884851027860655,0.639110167839091,0
ATH_013,ATH_073,1,1,1,704.1232425648348,8.582862635587915,1.39416622934338,1.7106315978373612,3,0,0,0.9394146847238947,0.651517714710125,0.7660223399176262,1
ATH_015,ATH_036,5,1,0,196.18204039568536,7.355660133414531,2.073917296553306,0.6106663588243251,3,0,1,1.9900886651201475,3.4983305324952134,0.8081815989524302,1
ATH_015,ATH_042,1,0,1,272.7855555322367,23.626066876094427,1.6551988798783555,1.4268420400296824,3,1,0,1.0294664633114534,0.2328299671383629,0.7332000143005127,1
ATH_015,ATH_048,3,1,1,328.0468831811563,21.010353371083113,0.10774174241323564,0.023052480117986107,3,1,0,2.15008604594086,3.049887779886636,0.8091996128675135,1
ATH_015,ATH_064,13,0,0,843.0111133205587,32.10740143690657,0.6339113366449265,2.304317809708442,2,1,0,0.7523051582596274,2.9657217758295626,0.5705825941260951,0
ATH_015,ATH_012,4,0,1,72.36524579454363,27.850734908815397,0.09115595995312908,0.6609037340957276,2,0,1,3.4121965529385996,4.2943219232953425,0.6802387818098742,1
ATH_015,ATH_096,0,0,0,678.3257839424123,31.28452528353897,0.8966102729222616,0.1296031456488933,1,0,0,0.5112986666399593,1.4921975386314132,0.7932613134260423,1
ATH_015,ATH_075,8,0,0,92.81318404723606,0.5122164279780748,0.4686212217432253,1.969526129902178,1,0,1,0.18240012678133688,0.20995114685264582,0.7072071887307699,1
ATH_015,ATH_005,12,0,1,72.11774726578597,26.173119868624397,0.7998836073966995,1.3402433623889358,0,0,0,2.6048719017653745,3.4561108367530533,0.6095874302090118,0
ATH_017,ATH_084,2,0,1,740.9655142183465,6.277683585322734,0.36860953105044025,0.44556146455351175,3,0,0,0.10500605815826347,1.966365043939196,0.7700403370815339,1
ATH_017,ATH_035,12,0,1,211.11582020277024,7.983381433233106,1.4769304653169364,0.19388378930444983,3,0,1,2.2807152235881976,1.9232136280526113,0.6481103709579652,0
ATH_017,ATH_032,0,0,0,36.22743635768302,13.218713365752564,4.280020226362655,1.2574559144888786,0,1,0,2.2429569699672385,0.5521099242740357,0.7431603992087394,1
ATH_017,ATH_066,4,0,2,715.6123195514433,13.917918558593954,0.18285158129395018,1.1541956997880591,5,0,0,2.1248857176728215,0.9688294153705952,0.663738658332021,1
ATH_017,ATH_060,11,0,1,820.2070773796977,7.962245834018958,3.279270232014353,0.25887537925652904,0,0,1,1.0581923368595927,0.024009566254279413,0.5973856885326333,0
ATH_017,ATH_094,12,1,0,142.74695823813545,3.015445523431481,2.1392622287375165,1.4979313650333301,5,1,1,0.9840398847840293,4.2863180073449,0.7184611368239484,1
ATH_017,ATH_098,2,0,1,339.10651611900926,12.220586704866037,4.205749041873492,1.0859057540427974,5,0,1,0.5967420484978598,3.427849337104546,0.6882047525093792,1
ATH_017,ATH_064,1,1,1,314.703697974785,19.141187031087398,0.9391607702091793,0.7663758505814355,3,0,1,0.5333031884507342,2.804496587896293,0.7951802773291528,1
ATH_019,ATH_020,8,0,2,105.82051040825945,3.22063155886417,1.480669285662394,0.4884013364908295,1,0,1,1.6389827764024805,3.929810463487521,0.6142451700695299,0
ATH_019,ATH_038,18,0,0,238.10669568250114,0.9579929501153543,3.3929155247432385,1.6081768085380945,1,0,0,1.6910224695003429,0.697611062413297,0.5540319791513527,0
ATH_019,ATH_088,13,0,2,620.5582807394976,1.2471712506637402,0.6331391169564675,0.212578771066819,0,0,0,1.2008945505673,4.21152043667662,0.5488170051566821,0
ATH_019,ATH_023,3,0,0,567.2044751257827,12.057024606466626,0.274944017775244,0.1719348533219902,0,0,0,1.1421705745184347,2.747951004210056,0.7675201788372485,1
ATH_019,ATH_043,10,0,1,1152.4048766772107,0.037794717549147094,4.599214147180487,0.6899520167422173,4,0,0,0.3825791476174736,3.2980169339086087,0.5093485034096547,0
ATH_019,ATH_076,2,0,0,141.63203972580231,2.120976175545522,3.1646014868476655,0.0034115734570514533,0,0,0,0.8398785062934468,0.48857339797959654,0.7763734350108581,1
ATH_019,ATH_018,3,0,0,787.9495189290026,8.345096849209796,0.4441511155573501,0.2150317715554424,2,0,0,2.2662169521594766,3.9363557884437004,0.7507943661120491,1
ATH_019,ATH_079,0,0,0,1011.917726445553,9.64261531699357,3.71152212422059,1.9133660394368617,0,1,0,2.2968553672319985,0.6692607481400499,0.6892670095812105,1
ATH_021,ATH_093,5,0,0,769.8927053754567,16.028803698137594,1.502659245201972,1.9321185612288332,0,0,1,1.0746077758212245,1.1021390949322125,0.6535346908025637,1
ATH_021,ATH_099,9,0,1,710.804393775652,8.933316542850463,2.0532656376434515,1.3811901475049222,4,1,0,1.9320841910080508,0.728637163212225,0.6286186938093027,0
ATH_021,ATH_087,7,0,0,96.99377347338032,2.9084260636739856,1.0604745300493805,1.3646897085066172,1,1,0,0.5886314336582057,0.667219316121006,0.7288145672393043,1
ATH_021,ATH_072,11,0,0,745.995233970677,25.538380741864984,0.7523932809991276,0.5783258508871416,3,0,0,1.5555318294005724,0.20672483340388936,0.642739370040601,0
ATH_021,ATH_074,5,1,0,390.3292944563009,3.1531015592280482,2.777653448436353,0.08940203876023567,3,1,0,1.4523783128506444,2.7504411281086742,0.8167070153840088,1
ATH_021,ATH_084,14,0,0,107.78520760119545,13.741614326598906,3.110434418922365,0.10183432931850955,2,0,1,1.5677656475276862,1.2541630876346659,0.6353015237642117,0
ATH_021,ATH_014,2,1,1,577.1632393081777,0.3550058291067728,1.1283749704560044,1.3373897510360901,3,1,0,1.5018480351100827,3.054756330767953,0.8060782647183576,1
ATH_021,ATH_088,0,0,2,771.8208169778673,3.020294640333404,0.4974530591184969,0.6513260947171027,4,0,1,1.0815661634682385,1.344780207716017,0.6912953737854255,1
ATH_023,ATH_099,1,1,1,7.662617588500325,19.217217759647426,2.908913795943172,0.7705079705326483,0,1,0,0.9092420035886777,0.6098479384616775,0.795928791756911,1
ATH_023,ATH_098,4,1,0,469.39022657439887,15.040557180386827,0.1289430663990334,0.8189507123055257,0,0,1,0.05318746976871669,2.5968581560494686,0.8307182045574981,1
ATH_023,ATH_008,1,0,2,1268.1944239457084,30.533566405498874,3.348951683269023,0.7720617925348634,1,0,0,0.990530503181736,1.964581876164,0.5823006330321996,0
ATH_023,ATH_090,5,0,1,706.3571754582249,14.827502878221225,1.635884226513049,0.41602382568008167,5,0,0,1.0842309988479313,0.427341631554488,0.6869409887686462,1
ATH_023,ATH_094,6,0,1,273.03066869352506,5.835415998952271,2.195429879535009,1.2309763232960584,0,1,1,0.33411036651745274,3.4553268262898227,0.7129817830132948,1
ATH_023,ATH_020,5,0,2,461.3839647175232,15.277656165330797,1.20572526788715,0.6603361898128197,1,0,0,0.49681220188404573,1.1818594592774652,0.6054615708667793,0
ATH_023,ATH_025,3,1,0,258.4671660548911,18.671311014132797,1.0459420306818945,0.6279506671780997,0,0,0,0.4202602016379391,1.862906072146246,0.8341098007549944,1
ATH_023,ATH_072,1,1,0,27.52822260652465,35.82228195866195,1.608041439298848,0.03235632608513228,1,0,0,0.5326896419811993,0.3255140581544369,0.8321256868815232,1
ATH_025,ATH_080,1,0,1,305.90018521028105,17.060065371566267,2.184602609853978,0.4975965770989159,5,0,0,1.0491517776418213,3.306033510784512,0.7460658596662366,1
ATH_025,ATH_081,3,1,0,537.0507813917043,3.7673281799466025,1.0120905278806713,0.11390922856687524,4,0,0,0.4259620781435869,0.47926624728599965,0.8558356729271188,1
ATH_025,ATH_017,9,0,1,128.18345559950149,15.851340538612007,3.288750077590631,0.8949057089153714,5,0,0,1.0701897199045156,2.6938972532013237,0.6216096406115232,0
ATH_025,ATH_009,1,0,0,1110.328017450527,3.096766726691939,1.6661082604326767,0.9555386952778804,5,0,0,1.6593321592664285,0.4034761384807046,0.7809966773771037,1
ATH_025,ATH_093,2,0,0,207.04147204358674,7.641393900801759,1.312365372819798,0.6934857170784596,4,0,0,0.4720257900397904,0.8795562019645811,0.7701428587939005,1
ATH_025,ATH_074,2,0,0,586.6048829627425,11.540511356563883,2.5873595760541788,1.3280348829106092,1,0,0,0.8497963270692104,0.7687458312118807,0.7577051409774845,1
ATH_025,ATH_040,5,0,1,203.06075895448384,3.9785000956631933,1.933817265105767,0.9015440193244526,3,1,0,0.6576034981188119,0.41297603000556116,0.7378889151467869,1
ATH_025,ATH_062,3,0,1,243.10769944272306,28.87018555595514,2.673746130032124,0.7124344188479768,4,0,0,0.11186549282924574,0.5882598595213153,0.6800267003253824,1
ATH_027,ATH_076,4,1,0,56.17699696328873,24.06346424547975,3.0576730852802942,0.783543835091618,1,0,0,0.7201632035605083,0.5227418413951561,0.772107581468641,1
ATH_027,ATH_044,9,0,0,1114.621505686031,4.57702990782505,4.04563727246986,1.918915268251994,3,0,0,2.317938563704569,3.3489139847851632,0.5464504028381144,0
ATH_027,ATH_063,12,0,1,57.82142353219342,26.20852263226456,3.973308737915424,2.5330470161725502,4,0,0,1.1723230310376431,1.6894523957408998,0.4550596551349654,0
ATH_027,ATH_067,4,1,1,837.0245078069329,54.0252192007899,0.5350534032450209,2.5929633064777287,2,0,0,0.23375139905853892,0.1858313213603573,0.6172416509822034,0
ATH_027,ATH_005,7,1,1,11.60798020709899,17.97263673807484,3.397574683519446,0.8828106699573555,1,1,1,0.47405453643853157,0.3182249798609096,0.7022854503801339,1
ATH_027,ATH_015,5,0,0,83.72572747288496,44.14575660669924,4.1974582909161455,2.2230540323462913,1,0,0,2.130817365326843,3.774335816613963,0.6165395472558123,0
ATH_027,ATH_006,6,1,1,1250.8703680797055,40.23501214538038,0.21317693311528707,0.17399543313584243,2,1,0,0.9351170470411425,4.139023442362251,0.6640603166641628,1
ATH_027,ATH_055,8,0,0,872.9846962689135,20.049803633384045,1.7937589930181925,0.030779124454447526,2,1,0,0.48584841530249,2.3153875648864553,0.6402413634061093,0
ATH_029,ATH_015,5,1,1,968.0895555414254,28.70864745996802,0.8366459459487539,1.8932049872402503,4,1,0,0.8406767799712238,0.41658538522742994,0.6674395041423438,1
ATH_029,ATH_077,4,0,1,1414.8173048419012,0.2013713807854174,1.0221163837004683,0.36858151757130564,2,0,0,0.2815290059399205,0.17126091221362127,0.6542517739782611,1
ATH_029,ATH_019,6,0,1,798.9087853060269,6.505378923203011,3.467740746534763,0.45028321652852554,4,0,1,1.1704252826226806,4.156752758425833,0.5965911401495904,0
ATH_029,ATH_076,4,0,1,940.5408250318292,8.626355098748533,0.30313925968709743,0.453694789985577,4,1,0,2.0103037889161275,3.6681793604462367,0.7388819679676883,1
ATH_029,ATH_079,6,0,1,1810.8265117515798,16.14799424019658,0.24378137768582686,2.363649255965387,4,0,0,1.1264300846093178,3.4874920102857834,0.5865677795921913,0
ATH_029,ATH_060,2,1,1,676.1898935075014,7.780187220129889,2.1373748525013463,0.09638764885671502,1,1,0,0.43651752669726207,0.5538010069064203,0.7970929482045548,1
ATH_029,ATH_006,6,0,2,2135.234196148246,24.797902998649164,3.1476354118521046,0.15585361197019854,1,0,0,0.35502353831447664,0.0518977594791421,0.5038957402868953,0
ATH_029,ATH_090,8,0,0,659.7560849735846,3.734900651448413,1.5569125022464698,1.0382418955305974,1,1,0,1.0559762907436854,1.8361433857702654,0.7314203123974654,1
ATH_031,ATH_052,10,0,0,343.11906057761234,1.5235700514501502,1.7884289480331699,1.9192288362605527,1,1,0,1.5722542057662139,2.105827709708313,0.6498723697684533,0
ATH_031,ATH_064,2,0,1,454.10652620909696,21.52890433868778,1.8282447306115355,2.197146127180874,2,0,0,2.6351436722696935,3.3058940046932044,0.6825859337681525,1
ATH_031,ATH_034,6,0,2,42.97853991693046,25.42436967372288,1.604402846979256,2.274185973057852,2,0,0,1.3235934502169453,1.534495851479745,0.5972504040771143,0
ATH_031,ATH_007,5,0,1,357.7446692262097,29.303183232528596,0.5245323813634837,1.5571746518053757,4,0,0,1.2345715405529045,2.5259768969616507,0.6687162905856305,1
ATH_031,ATH_025,6,1,1,267.58628383381347,18.23905784621239,0.5213445767699163,0.535864567684067,0,1,1,2.098257140815912,3.195294669998235,0.7692406860243682,1
ATH_031,ATH_017,3,0,0,139.40282823431198,2.387717307600383,2.767405500820715,1.4307702765994383,5,0,0,3.1684468607204277,0.5013974167969115,0.7811725589639659,1
ATH_031,ATH_049,4,0,1,322.47648319405516,10.801887827294124,1.564643643974028,2.261176754261437,1,1,0,2.007884838641713,3.1270107145474526,0.70933988307727,1
ATH_031,ATH_011,2,1,1,230.35579806200985,12.319548139933886,0.12415063447135388,1.9529270442044835,5,0,1,3.6807508729071117,4.191165188539925,0.7918937595262397,1
ATH_033,ATH_040,1,0,0,4.260777827284755,3.009590084086497,1.6524001611897523,0.8563285622864552,0,0,0,0.8688793176210403,3.5910465948406562,0.8061590007847431,1
ATH_033,ATH_054,3,0,2,1026.58639606252,18.64827055317771,0.3106278477047901,0.7777033534393514,2,1,0,0.5717285357750495,3.1380215617966103,0.6132899983742751,0
ATH_033,ATH_021,13,0,1,778.1341962918443,7.418499785759138,0.4717109762981888,1.193417387112376,1,1,0,0.39130616627920567,1.1963752679383015,0.5628935901780816,0
ATH_033,ATH_027,6,0,1,541.4166172909611,16.297111673844753,1.495374750805782,1.534802325096659,2,1,1,0.6303498561112058,4.0972839403144645,0.616682385676944,0
ATH_033,ATH_098,1,0,1,409.72304164670686,2.661843822169274,1.1984160681988758,0.23621550216542353,3,0,0,0.6847234909088842,3.9120226487383176,0.7462148425801539,1
ATH_033,ATH_020,8,0,3,521.0511496452152,2.4247448372253047,0.12163386671075926,1.243071399952922,2,0,1,1.1283482230242132,0.1333050334113839,0.5468132000788297,0
ATH_033,ATH_058,10,0,2,1251.1326290168142,4.278679901283354,1.1036094516687225,0.9727379423716851,2,1,0,0.9612119063717284,2.7441316985669415,0.520560469473864,0
ATH_033,ATH_083,3,0,0,23.827237596271743,7.1144059900196766,0.41667042472083615,0.6360487186408346,1,0,0,0.30986966499951407,3.7348801627956236,0.7943212461054737,1
ATH_035,ATH_075,6,0,0,646.6100515013079,4.470616544607992,1.6403022534959089,0.6254679600796216,1,0,0,2.6821173201784276,1.8744876691332353,0.6990736197310864,1
ATH_035,ATH_086,6,0,2,719.908665661467,12.185249113420255,2.5437236282504916,0.14132704734768087,0,0,1,2.4367133525026734,1.3623256484088442,0.6273887785183143,0
ATH_035,ATH_088,4,0,2,288.0457250444449,18.467606814842682,2.4995665437743657,0.11371517017765065,2,1,0,1.6895096813704864,2.555791879464098,0.6164169819620784,0
ATH_035,ATH_021,4,0,0,1059.8665420223122,15.447312174509278,2.002113484655869,0.537610924539452,2,0,0,0.6079435179022479,1.2110116717480812,0.719414600327468,1
ATH_035,ATH_034,3,0,1,307.54010852015176,31.020033799355602,0.31392781147547755,1.0372994857628637,0,1,1,0.43586181308471517,0.8901151933697777,0.732617301473028,1
ATH_035,ATH_005,10,0,1,811.5409828143299,21.19028689603833,0.37179742435598406,0.003814807433620615,2,0,0,0.10515470836828378,1.3716720207671722,0.6355925584867441,0
ATH_035,ATH_087,3,0,0,962.8727685489318,12.538886110835293,0.9416389546064883,0.8270787839671652,3,0,0,1.1965749515604536,0.5437923556270752,0.7040030231696958,1
ATH_035,ATH_051,0,0,0,961.1819814892053,12.436837621562603,0.4103103633427505,0.45592775623451764,2,0,0,0.48429043467667654,1.348594826031822,0.7656361492399038,1
ATH_037,ATH_040,10,0,2,64.70330170459874,5.953938776490787,2.221949239917403,0.2817495103916343,1,1,0,1.0238993352905812,2.0630845313714516,0.5854818754599934,0
ATH_037,ATH_022,3,0,0,502.6000991808919,7.37216790063124,2.2635600254619783,1.209719417932888,0,0,1,0.382754673836585,1.1711260346698982,0.718652804159958,1
ATH_037,ATH_066,10,0,0,576.0317144918622,7.999016892135927,3.3940304711083167,0.8790844998055061,4,0,0,2.736198831177699,0.07495933646483799,0.5945145421717339,0
ATH_037,ATH_057,4,0,1,213.90303697139916,1.03575353450492,1.965334343127946,1.1595656371577325,4,0,0,0.022389043582117907,0.37748271284622525,0.6849834575693315,1
ATH_037,ATH_053,4,0,1,487.98248579867845,12.1704129182192,3.9491415669460945,0.7531124666297906,3,1,0,0.17000503349481022,2.939229119868406,0.6236232709547362,0
ATH_037,ATH_004,10,0,2,604.4868476278302,10.136896988197549,3.7096126557392335,0.9808884166438787,0,1,1,1.2578827026972421,3.0219494449928934,0.5009892535341808,0
ATH_037,ATH_002,8,0,0,483.9393292188229,8.9581836554528,1.5792527264394778,0.9796480884691352,4,1,0,0.6127871236585483,1.1610004064242894,0.6703538228807145,1
ATH_037,ATH_075,8,0,1,295.91362623895657,18.372899644299125,3.7402538405812393,0.7066953707577248,3,0,0,0.20991101691464742,0.9950627929160571,0.5601889211500397,0
ATH_039,ATH_009,6,0,0,792.0426658268591,6.382108766087185,0.9028218581158622,0.09979712462629298,3,0,0,3.1529989407595433,2.8059701066008733,0.7607753422748486,1
ATH_039,ATH_045,5,0,1,664.8455688960291,11.4864601219833,2.5931324925727983,1.0612969271675086,3,0,0,2.516970624663027,1.6267921112900536,0.663248850088114,1
ATH_039,ATH_019,1,0,0,507.38628955700574,9.899628447061417,2.084172450773953,0.05585605015149753,2,0,0,0.7717564086126192,3.2875389001839785,0.7614776241679515,1
ATH_039,ATH_001,2,0,2,59.38623501113443,36.12826551580993,1.9787093108991494,0.7951449678762339,3,1,0,0.5523136176670462,2.461001607289268,0.6069347531929598,0
ATH_039,ATH_047,3,1,1,546.4154574107899,8.079059083943733,2.3669693439298243,1.731335160443428,3,0,0,0.31867934492579053,0.5394969006323738,0.7300881234649446,1
ATH_039,ATH_089,3,0,0,329.795087407839,8.582492401306325,1.0409232740715888,0.9059627323484616,1,1,0,0.4059654679366673,3.3122101941310405,0.8196567170894986,1
ATH_039,ATH_060,7,1,0,630.1051813555312,11.174436743988295,0.7538065567405363,0.298039517520313,3,0,1,1.5056641645380378,0.3154128513354344,0.7800113210561449,1
ATH_039,ATH_079,1,0,0,504.5314368885472,19.542243764054987,1.6273496734466368,1.9692220895883592,2,0,0,3.0686117758446176,2.6182781520439287,0.7569978865269608,1
ATH_041,ATH_054,3,0,1,41.09622353264149,7.611196398020553,1.008949741808566,0.1612365069451105,1,0,0,0.3950380355985068,2.119984221130398,0.7413261752345685,1
ATH_041,ATH_049,10,0,2,676.4198336944919,17.03496150677266,0.6263942770163506,0.7411568691549109,1,0,0,1.0876700887015858,2.0917492687181003,0.5313760232081346,0
ATH_041,ATH_075,9,0,2,702.8049138243214,16.299354349719252,3.8690266559573647,0.3423345622680838,1,0,0,2.6496342073705303,0.48513807011306476,0.48934491515914524,0
ATH_041,ATH_024,6,0,1,558.0389630796503,1.3045132246439977,1.4302771926336977,0.5099924624337842,2,1,0,0.20028175396845427,0.7271856915415853,0.6768814624999465,1
ATH_041,ATH_050,1,1,2,639.3186680645385,1.6291340218573822,0.28442833770474074,1.409760781377992,1,0,0,0.22320330666364008,3.182616729600623,0.7718146399440887,1
ATH_041,ATH_068,12,1,2,837.6123173619253,8.995951256882805,2.5920393666331742,1.0631206770931882,2,1,1,0.8284107749289547,0.37681496645343415,0.565506041476928,0
ATH_041,ATH_092,9,0,3,741.3421040289923,7.180778124674106,2.4832295740732224,1.6382397537480617,5,0,0,2.195243814294791,1.141149818776344,0.4503954205234568,0
ATH_041,ATH_098,5,0,2,1477.4056612418683,8.375230332987883,0.5000941740950999,1.1751553625498854,0,1,0,1.6514900622824404,2.8939853080721054,0.5791662655849178,0
ATH_043,ATH_092,7,0,2,851.8737321899052,12.610270601290935,1.2120033148378875,0.764017940083475,1,0,1,1.3565326486820286,0.888211041100428,0.559222441726802,0
ATH_043,ATH_062,7,0,0,569.84093493926,22.293693865838115,0.6045819686912246,0.6025009150901042,0,1,0,0.4511967180922678,1.8247121423234836,0.6848213512330394,1
ATH_043,ATH_099,6,0,2,592.8630191399284,7.122398435631652,1.4153563334620713,0.2524908071124212,4,1,0,1.6688334304896388,1.1599138681602303,0.6151358837708905,0
ATH_043,ATH_020,2,1,1,1046.5843662689513,3.182836841315023,3.1185448615180933,1.1783533532330468,3,0,0,1.2564036287850069,0.6317935295789123,0.7230336541322406,1
ATH_043,ATH_044,13,0,1,47.67167177133388,17.32766344456003,0.44664847314325584,0.4488309898752103,0,0,0,1.815644113354157,0.016728607460994915,0.5928142815334893,0
ATH_043,ATH_100,6,0,1,1206.627663063619,29.012498846057426,1.1512472767806647,1.5955054956733568,1,1,0,1.5731513687895617,0.6213001001361915,0.5557189358843202,0
ATH_043,ATH_060,2,0,1,1275.1237684757361,1.312603014476025,3.2688482531470706,1.0438475844140278,1,0,1,0.351328608307945,0.3049348176108042,0.629942251290778,0
ATH_043,ATH_083,13,0,2,501.7059790274643,12.721987668560004,2.580240570086498,0.5713306719209594,0,0,1,0.43792507076030773,2.9697815998053274,0.48109567710725576,0
ATH_045,ATH_078,1,0,0,233.9238983267678,2.9545300246530672,0.2768659102685236,1.4403296312588845,1,0,1,1.1672077691732445,2.178287240684619,0.8023953511064822,1
ATH_045,ATH_009,1,1,1,127.19709693082996,5.104351355896114,1.690310634456936,1.1610940517938015,0,1,0,0.6360283160965166,1.1791779953108197,0.8378859903656721,1
ATH_045,ATH_075,3,0,1,419.453233621658,20.104220433865052,0.0957029708799908,1.5320452362064643,4,0,1,0.4482879733248337,1.8694694374518326,0.6689208953456738,1
ATH_045,ATH_084,7,0,1,113.9819507018492,13.927906041346688,0.4362783483494219,1.5460225299848043,3,0,1,0.05812018142365982,0.04816964756798736,0.6956013491253565,1
ATH_045,ATH_030,4,0,1,1320.656888007069,21.791042654959895,4.52721424466225,0.18151115493265202,4,1,0,2.0242800061312325,1.9143173806906164,0.5523492058393319,0
ATH_045,ATH_008,4,1,1,543.5306694809024,20.06337347395413,1.0534092423024841,0.061444231159157425,4,1,0,1.5935741447137088,0.877377660847869,0.7654008465872261,1
ATH_045,ATH_028,9,1,0,631.4053735621694,3.2078128699103843,3.8604984448852093,0.5069186057966419,0,0,0,2.6501179317503363,1.5216408567482498,0.7153788569988592,1
ATH_045,ATH_046,4,0,2,703.1080022333581,6.584908285453153,2.190991391973464,0.43544970672808425,3,0,0,3.103885609878101,1.659673509055776,0.6586960856511198,1
ATH_047,ATH_027,2,0,1,968.3467042052821,20.121918706816544,4.344213393136406,2.455611371926497,4,0,1,0.9707204508054712,3.861204244231912,0.5967580596436437,0
ATH_047,ATH_053,3,0,1,7.911680647526055,7.031691090613705,0.53075384588782,0.7422756320948682,4,0,1,3.3238439263334882,4.231111487255058,0.7887143988770389,1
ATH_047,ATH_043,6,0,2,98.60312970941504,1.7827746455685372,0.14807235247671002,0.9855270935497131,1,0,0,1.4730149011558833,0.5290188669077436,0.6598480738357098,1
ATH_047,ATH_041,10,0,3,1494.6127065094825,7.2122671221853665,3.5471605364344,1.8597489072142999,5,1,0,0.6343037355431207,0.7819576445836596,0.37734311128583115,0
ATH_047,ATH_070,1,1,1,504.18914876867734,1.676780945864195,2.84642006125008,2.406567172956229,3,1,1,2.585344462946937,0.935834933157091,0.761309408209825,1
ATH_047,ATH_061,7,0,1,830.3624457808278,22.072061515696518,0.14509068812528447,1.4089536444285518,2,0,1,3.050271515502172,2.599960915257742,0.5900945734829735,0
ATH_047,ATH_030,2,0,1,109.39586170024995,18.38364161692033,4.301051096019276,0.48852707834326736,4,1,1,0.8113699634575848,4.080606392613044,0.6572288546689812,1
ATH_047,ATH_004,3,1,0,1100.3810140740347,15.275618815803043,0.291224934680959,0.5144996820807801,1,0,0,2.2359662571310563,4.313831812379545,0.8054861627221267,1
ATH_049,ATH_010,8,1,1,113.8000997735453,42.74695148781832,1.7122657631685323,1.4267271652381597,1,0,0,2.115581558639878,2.2060217016946044,0.6323770279905624,0
ATH_049,ATH_058,6,1,1,859.8698431161447,23.793355760646463,2.428325622788849,2.652834671911058,0,0,1,1.0821154236997579,0.365654910817371,0.6208377674537782,0
ATH_049,ATH_002,1,0,1,161.64062285003683,10.150323145899733,2.334419818831954,0.12586958917541669,1,1,0,1.1590880119250437,0.42082413949081854,0.7949821002881063,1
ATH_049,ATH_083,7,0,1,415.0900234969413,35.186441651949494,1.7413865958409627,1.0440480108985382,3,1,0,0.18896614767148456,0.6250935534113111,0.5701249531210529,0
ATH_049,ATH_054,7,0,1,635.3236101618504,9.423765108752107,1.6353440188249166,0.9023933761000213,0,0,0,0.692632053103079,0.028234952412297787,0.6221674879771185,0
ATH_049,ATH_005,5,1,1,138.54585118319255,26.39651059769973,3.2269161038337906,1.0281050744000693,1,0,0,1.2253079098777668,0.6692723510692424,0.6891415163485183,1
ATH_049,ATH_066,3,0,1,253.73300812307616,27.10752369348846,4.149197563500793,1.984602177450058,1,0,0,0.964323695594107,1.656783882379946,0.630426627237726,0
ATH_049,ATH_098,5,0,0,800.9858275473764,25.410191839760543,0.1263001029212507,1.9163122317047963,1,0,0,0.5638199735808547,0.8022360393540051,0.7070497691335285,1
ATH_051,ATH_012,2,0,1,149.39350014611773,10.431064314666727,1.490835435142305,1.1390821919613465,2,0,0,1.3967697942181854,3.5584779333412833,0.7049398757874221,1
ATH_051,ATH_061,12,0,0,276.0172768922307,28.67622882143054,1.58365580919041,0.623589621208728,1,1,1,1.964160458090272,1.7772484976857337,0.5963924735363544,0
ATH_051,ATH_023,6,0,0,619.7824508310455,7.273426663850287,2.4474512796128387,0.5289990086673395,4,1,0,1.1464952706449445,0.2563723790342882,0.6860644931624019,1
ATH_051,ATH_021,4,0,0,98.68456053310683,3.0104745529466754,1.5918031213131183,0.08168316830493438,0,1,0,0.12365308322557134,0.13758315428374068,0.7917784510875641,1
ATH_051,ATH_010,13,0,1,174.38675008452265,25.10389016459432,0.7325425529665237,0.8583646545062287,2,1,0,1.4797187918070716,0.15502720596485275,0.5552747656020931,0
ATH_051,ATH_065,1,0,0,857.1702258460809,4.828289920315228,0.36585910985108594,0.9114454021761595,1,0,0,0.44907733691307605,2.9665101728827725,0.7710643157260132,1
ATH_051,ATH_094,0,0,1,892.8131195245705,1.438010664898016,0.2520214000778296,1.759975331963398,4,1,0,0.8123849041274918,3.711699205324111,0.728873468152068,1
ATH_051,ATH_074,1,0,0,291.64473392319405,0.14262700628137281,1.1858503271232346,0.17108520706517005,3,1,0,1.5760313960762158,2.888024282392415,0.8231166831088811,1
ATH_053,ATH_052,3,0,1,144.685648395797,18.953461840827458,4.928093963397712,1.516682226273458,0,1,0,2.037500734964281,2.3785875787924375,0.6138794214639314,0
ATH_053,ATH_074,1,1,0,806.8233081023384,13.778485402629101,1.07365001608028,1.4613528406075815,0,0,0,0.6617014728453725,0.5203747872906348,0.8196176699451008,1
ATH_053,ATH_028,10,1,1,571.9439720971236,7.231279258742887,4.165089142130055,0.5791560046155908,4,0,0,3.138311888495007,0.5431816185843807,0.6281795351695582,0
ATH_053,ATH_049,3,1,0,810.2811921674645,31.278919719571732,4.704308659338571,1.8586301442743425,0,1,0,1.6018701020887818,1.357404573953298,0.680859511256474,1
ATH_053,ATH_100,3,1,0,1100.1128527066778,37.82696458223967,1.5339287701917748,1.8387569571282016,2,0,0,0.2776776563880432,3.080792520211123,0.6916256094367307,1
ATH_053,ATH_087,1,0,0,1100.158829085259,13.533809907075039,2.7908289344672523,0.007261093340728664,4,0,1,1.5254483520378113,2.603596599278303,0.7021899889439424,1
ATH_053,ATH_023,4,0,0,478.68559119448696,20.909285060198016,4.706951622816353,0.761268624875072,1,0,0,1.0912375982766438,3.1520266906487615,0.6858612800137769,1
ATH_053,ATH_082,7,0,0,509.4916118154754,3.314344179765783,3.391026786661749,0.2628674236365054,0,1,0,2.742238623862672,2.0587272683866598,0.6861886349748801,1
ATH_055,ATH_075,5,0,0,696.4457847487924,23.583736545337118,2.8723205196411783,0.2843070268985608,2,1,1,2.79906590741067,1.2489971048748618,0.6548653775191402,1
ATH_055,ATH_016,13,0,1,1326.07314861225,4.000136828518308,1.3860353798713199,1.6635877680586484,2,0,0,1.1140461015426215,1.6653078837317592,0.49296419384269285,0
ATH_055,ATH_040,3,0,1,335.82885680523714,0.743101875452794,1.3540159189773417,0.7092528872646513,0,0,0,1.985077589034736,1.809150219412647,0.7244372716748771,1
ATH_055,ATH_076,4,0,0,816.8076993056247,4.0136606120957055,1.2639140922621017,0.8143229595460655,3,0,0,0.23431478825801832,1.7926457234912991,0.7137462683379826,1
ATH_055,ATH_045,8,0,1,1115.8990183704504,3.4795161114720656,2.7766175487611875,1.816352263105025,2,0,1,2.350777934085836,0.6204723325769708,0.5421146497825657,0
ATH_055,ATH_013,0,0,1,979.6125152792479,9.67578308648396,1.8030174958665306,0.7768815614184623,3,0,0,0.8762234648270812,0.7602655350836365,0.6838137833252556,1
ATH_055,ATH_091,11,0,0,89.55179367152641,18.157077740644183,0.4638238065862961,2.593188685610923,2,0,0,0.29961052186170534,0.53637156577493,0.6065990270061816,0
ATH_055,ATH_050,3,1,0,759.9320305085753,5.655248173760484,1.2811344740209272,2.0364023705446366,2,1,1,0.3726350067037796,2.418757694838826,0.8016927377593337,1
ATH_057,ATH_075,4,0,0,509.8166632103557,19.408653178804045,1.7749194974532934,0.4528702664000077,1,1,1,0.23230006049676533,0.6175800800698319,0.7114315364131829,1
ATH_057,ATH_039,6,0,0,264.4243279359846,12.182027377044307,0.9139159659994958,0.9236185754389634,2,1,0,3.197558658484626,0.37490275390805294,0.7730682552053689,1
ATH_057,ATH_074,1,1,0,532.7438592750591,2.6438260189148224,0.9101572077378686,0.4513252631799416,1,1,0,0.8540955499223006,2.7963370454239964,0.8976227857024783,1
ATH_057,ATH_036,1,0,0,798.8118876532772,12.565209473367588,0.7676190208432381,1.8117300374778607,3,0,1,2.4047888523982497,2.6707993055727357,0.7749553693800397,1
ATH_057,ATH_090,9,1,1,910.9633178254326,5.052877201737488,1.0872601724851556,1.5674333045925328,5,0,0,0.19940067650564064,0.5920267736203577,0.6648966484227752,1
ATH_057,ATH_081,2,0,0,590.9118050793877,5.129357157702458,0.6651118404356389,1.893269374657426,4,0,0,1.2779297988479241,2.5068574614981154,0.7920896456326981,1
ATH_057,ATH_031,7,0,1,213.72526014613004,9.34237250856333,1.155857791546394,2.315224713774618,0,0,0,3.802149017807423,1.1677034557861194,0.6782823912183447,1
ATH_057,ATH_009,0,1,0,1056.4669937628437,5.799918610957121,0.01109410788363352,0.8238214508126704,5,0,0,0.04455971772508249,2.4310673526928204,0.8632477930312974,1
ATH_059,ATH_042,5,0,1,193.29699680904832,20.688429943765712,0.2588382884413498,0.9244886553586706,2,0,0,0.7986764027771267,2.873115958083728,0.6673351139325567,1
ATH_059,ATH_059,0,1,0,0.0,0.0,0.0,0.0,0,1,1,0.0,0.0,0.982,1
ATH_059,ATH_029,1,0,1,888.600996818237,25.771010527639305,0.5597146454882518,0.4581257081481027,3,0,0,0.9874660861173563,3.522531310449521,0.6696162888246842,1
ATH_059,ATH_032,8,0,1,644.0234104266451,23.24729083924302,2.5784102013613968,2.0708446507502254,4,0,0,0.6338160736875516,2.3926108130147856,0.5190105181488182,0
ATH_059,ATH_045,1,0,1,247.15149085123358,17.678799929514412,1.7692788423002401,1.9138498016926393,4,0,0,1.5622550195450833,1.0265253409176127,0.6693663851659251,1
ATH_059,ATH_092,2,0,1,210.8389329750953,6.693155720694506,0.47918473129608863,2.3623788815023206,4,1,0,1.5561525997941779,3.5520065270327246,0.7119135550975182,1
ATH_059,ATH_001,6,0,2,477.08031305593,6.963005464312218,2.8025629611717076,1.6476978424013646,4,0,0,0.4024019874508973,0.19231584491839815,0.5501664258894956,0
ATH_059,ATH_018,2,0,0,698.2573074167924,10.920534755226498,2.463874985489161,0.6933771531211859,1,0,0,2.0832577556541523,3.302134340467388,0.7157723115265047,1
ATH_061,ATH_018,6,0,0,564.5102177420347,32.237727728024,3.8618999910211427,0.48155723741882106,1,0,0,0.3063811901957143,2.70928090288509,0.5962845050280249,0
ATH_061,ATH_004,4,0,1,270.01856829320695,37.34768033149956,0.4363156228062435,0.8944539623477716,1,0,0,0.8143052583711157,1.7138708971218035,0.6372342148625691,0
ATH_061,ATH_030,5,0,0,939.7583074810777,3.688419898776189,4.155960407893992,0.9204265660852844,2,0,1,2.238901552044587,1.480645477355302,0.6354997990942028,0
ATH_061,ATH_061,0,1,0,0.0,0.0,0.0,0.0,0,1,1,0.0,0.0,0.982,1
ATH_061,ATH_074,11,0,0,15.627457030963342,28.818855827711914,0.3978054820671755,0.794674828273898,2,1,0,0.3881290620140563,1.1107757847066813,0.6407319096238991,0
ATH_061,ATH_093,11,1,0,395.1908679501191,9.636950570346272,1.6727996853015563,1.2268457717151708,1,0,0,0.7658995990434763,0.5375262484697805,0.7104108048414434,1
ATH_061,ATH_002,6,0,1,149.4710498841996,36.16896699875481,1.6940443064935122,1.0660825427652423,3,0,0,0.16920967933242181,0.14707814144680054,0.5854700707488772,0
ATH_061,ATH_009,10,0,0,508.09567745682125,20.37511119783997,1.3190567976886776,0.42217864064116917,2,0,0,0.42140677018316186,0.7455060919755052,0.623048688242374,0
ATH_063,ATH_022,14,0,0,27.673862110379105,8.320049998473763,0.7839230403753144,0.3631043250378241,1,1,0,0.9680508041485991,2.0509955157742583,0.6555538865519848,1
ATH_063,ATH_087,12,0,1,81.9023819953095,0.4155148910133164,1.8891704333584505,0.8269723696816502,0,0,0,0.34464790754743735,0.5442369605142572,0.607009190715442,0
ATH_063,ATH_054,3,0,0,427.34835523936545,8.736859594757902,2.167306139404852,1.7759480445152427,4,0,0,1.1137017107014868,0.7301900172230456,0.6986057251647665,1
ATH_063,ATH_038,24,0,1,210.47307645218098,5.224027512445687,0.6873216147395569,0.1447379459998892,4,1,1,0.6384147411956382,0.9576728899120432,0.589710298348211,0
ATH_063,ATH_070,9,0,1,521.9789789687982,4.409822979583822,2.475515406029098,2.484002817202282,3,1,0,0.44230098110382254,1.2359169153339211,0.5626273122555691,0
ATH_063,ATH_086,9,0,1,161.06172089215534,0.7691518884283539,3.491255107002454,1.7953782009964963,3,0,0,0.8954904933947825,1.3618810435216622,0.5767730720509421,0
ATH_063,ATH_088,19,0,1,592.9246615091774,5.513205812994073,3.447098022526328,1.5403359834711647,5,1,1,0.14828682226259549,2.55623648435128,0.47830969296007647,0
ATH_063,ATH_060,14,0,1,150.35251102884558,2.991226265403455,2.7498712454493788,2.1068103222097943,0,1,0,0.31869997237928605,1.9476677991940727,0.5349769072074182,0
ATH_065,ATH_035,1,0,0,104.01175564312439,17.26512754187783,0.7761694731938364,0.4555176459416419,1,1,0,0.03521309776360049,1.6179153468509506,0.8548375206917243,1
ATH_065,ATH_085,1,0,0,200.97938927143105,2.6922997255682333,1.7658619316447846,0.9169010743658115,2,0,0,0.8708181641606885,0.9821236872405361,0.7834347869342524,1
ATH_065,ATH_079,8,1,0,207.32547630473482,9.68730729469246,1.354985936683593,1.3589847926060514,3,0,0,2.7502574002715843,0.6314475377784783,0.7588349033533077,1
ATH_065,ATH_030,6,0,0,358.6053585272275,20.159519002339124,2.206445488852496,0.6325707851178528,2,1,0,0.17433624295876093,0.2913838021582631,0.6752119381196193,1
ATH_065,ATH_094,1,1,1,35.6428936784896,6.266300585213244,0.11383770977325636,0.8485299297872384,3,0,0,1.2614622410405678,0.7451890324413384,0.8574131857509448,1
ATH_065,ATH_026,13,0,1,380.2341331635753,17.654063141797423,1.994246485648481,0.2323163624234894,2,0,1,0.4125368336994857,3.520613893704433,0.5921772223003541,0
ATH_065,ATH_062,5,1,1,222.02830840286742,22.300591125987857,1.6380959909522659,0.46693014517869713,1,0,0,1.2871778987493272,1.4354915812235536,0.7388332595869088,1
ATH_065,ATH_093,0,0,0,185.9620810037311,14.210988330769041,0.27671523373993967,0.9389899907477393,1,1,1,1.6473381959598719,1.7267879236668193,0.8152918320203512,1
ATH_067,ATH_044,13,0,1,277.5969978790981,49.44818929296485,3.5105838692248392,0.6740480382257346,1,1,1,2.08418716464603,3.5347453061455205,0.44339572754770784,0
ATH_067,ATH_062,7,1,0,339.9156088314958,9.826831982566702,3.3526503736768705,1.725379943191049,1,0,0,0.719739769384141,1.693304556361042,0.721375460563955,1
ATH_067,ATH_047,6,0,2,131.3221963983492,33.903300493973354,3.809159989891385,0.13735193455123174,2,1,0,1.2044718498640101,4.047035565592269,0.5893646687598733,0
ATH_067,ATH_031,10,0,2,364.3941932225862,20.45795969230945,1.2002488204146626,0.4770809566590053,3,0,0,1.4903828642610168,4.300339366837962,0.5845670464147654,0
ATH_067,ATH_084,11,0,1,965.9568792066207,16.5679934145871,3.599044790184937,2.3534126978119554,1,0,1,1.5730579383011474,1.8325769061018544,0.5087188776332826,0
ATH_067,ATH_091,1,1,1,53.59160520954583,15.81833782676167,1.7225293963594677,0.03055374532125299,2,0,0,0.4199892924993236,1.9648473204718826,0.822323650918514,1
ATH_067,ATH_056,14,1,0,60.75784518804721,26.73370813498662,2.05363119728308,2.3822047178484222,2,0,0,1.6202462546586567,3.787999036278455,0.6108695624026246,0
ATH_067,ATH_096,1,1,1,74.97299639163566,41.16398787762963,2.765794614748863,0.4995124197803307,2,0,0,1.3857672996283448,2.467969599342907,0.7284035338870058,1
ATH_069,ATH_061,22,0,0,152.85595047036304,36.607628351361654,0.13591276247711903,1.162477365971565,1,0,0,0.8891368384379339,2.1328669514644485,0.549127607806298,0
ATH_069,ATH_068,13,0,0,20.5061061629076,16.319250970362575,0.6741177191988221,0.5501519516641249,0,0,1,2.355241716450072,0.061951285663067956,0.6399508647118827,0
ATH_069,ATH_097,11,0,1,91.59360754834097,14.701575343133001,3.144358815191338,1.9817816346017088,3,1,0,1.0341823265447365,2.570830633587561,0.5354251882790471,0
ATH_069,ATH_032,22,0,1,357.42037028152436,16.69665670735418,3.8405224444162593,0.26656710576134657,3,0,0,1.5215558007080556,0.3331095760319611,0.47545245366270195,0
ATH_069,ATH_033,19,0,1,250.57640839614373,18.360373868636927,2.5678351917282205,0.6743327683728513,1,0,0,0.5600643701475612,0.703173659875846,0.4998093831149052,0
ATH_069,ATH_038,1,0,0,138.1885559748298,13.672990422662807,0.7772228193581352,0.17917397670315083,1,0,0,0.6203235459745144,2.662330774609762,0.80183499378355,1
ATH_069,ATH_020,11,0,2,270.4747412490715,15.935629031411622,2.6894690584389798,1.9174041683257732,1,0,0,0.5682838528766521,0.5698686264644621,0.4763305274199535,0
ATH_069,ATH_041,25,0,2,817.1062111990177,7.32329971347977,3.2661570858319964,1.6132726287573131,2,0,1,1.5268309415211174,0.3148636807903662,0.40243153829473033,0
ATH_071,ATH_022,14,1,0,1134.410529038682,7.981971204801596,1.4960826793408355,1.2142547728897206,0,1,0,2.174155324597656,0.07887263005610734,0.6498577057452453,0
ATH_071,ATH_071,0,1,0,0.0,0.0,0.0,0.0,0,1,1,0.0,0.0,0.982,1
ATH_071,ATH_100,10,0,1,1243.9407967657894,25.046748359850113,1.344429908048494,1.0811091355415785,1,0,0,2.1092273085513877,0.950690004271074,0.5598035448068057,0
ATH_071,ATH_085,13,0,1,586.1051495099941,6.664947471925288,0.6699986592665352,0.5380754841454403,1,0,0,0.5709129232654551,2.6074699404413835,0.5755494159480554,0
ATH_071,ATH_039,7,1,1,682.3317208223755,13.827584215719583,2.7082243276743636,0.23141170676193656,2,0,1,0.6182596164682668,0.33986793785951264,0.684976468254998,1
ATH_071,ATH_023,9,1,1,622.5135352535985,8.129068837808461,4.5174527606730726,0.003620803288448826,4,0,1,1.2956673666627871,0.8794558338334353,0.6427058820505185,0
ATH_071,ATH_011,4,1,1,401.27685497051107,4.6227324700458325,3.0743167876926156,0.7927326126307657,1,1,0,2.4579008971160476,3.738232424521371,0.7595120673917559,1
ATH_071,ATH_098,5,1,1,153.12330867919968,6.911488342578366,4.388509694274039,0.8153299090170769,4,1,1,1.3488548364315038,3.476313989882904,0.7227638043611806,1
ATH_073,ATH_038,21,0,2,444.8437706345128,2.0276119373308745,1.9010793966808253,0.06842496462871495,2,1,0,0.48094803798479546,2.99539130885136,0.5128249346707153,0
ATH_073,ATH_085,10,0,2,79.33760544762686,0.24861318417910638,2.630561991119368,2.0391216007018107,2,0,0,0.7926583003944447,2.6730654736625494,0.5331189948590163,0
ATH_073,ATH_001,2,0,0,116.17794174887376,29.21424195619474,1.3863729881876097,0.9373128554420731,2,0,1,1.4295172224611203,2.866465078369947,0.7186503830761329,1
ATH_073,ATH_004,4,0,3,729.529733423253,16.440654340131587,3.250530601322323,0.5156223449556592,1,0,1,0.06454392792290076,4.17979838282785,0.566395512169544,0
ATH_073,ATH_086,6,1,0,494.25512619453843,8.020791338204916,0.9028540955820716,1.719065219625322,1,0,0,0.7380237901839397,3.399599462460979,0.7789261895137372,1
ATH_073,ATH_045,9,1,1,840.4097456560373,4.572436562368111,3.185468815284338,0.6711608961507984,2,1,0,0.5351397845348602,2.0322555823707322,0.6632317702950823,1
ATH_073,ATH_100,7,1,2,737.1732527034221,31.960309015954508,1.9561307423374092,2.582155252097949,0,0,1,0.7456560848914879,1.01628553749224,0.5563586258038035,0
ATH_073,ATH_009,10,1,2,967.6068425868673,0.5319147935280029,1.495158180827402,1.8322549479446,2,1,0,1.1711681006313768,3.211433577681552,0.6086778815383989,0
ATH_075,ATH_071,9,0,1,927.7240560967466,17.76309634012877,0.019388864221574487,0.7021600158008923,3,0,0,2.3469989815195937,0.09719061169773369,0.5849336144314339,0
ATH_075,ATH_077,1,0,2,353.91456525323974,27.995059651204528,0.28315078399151083,0.29226037490937795,1,0,0,0.7415479008126402,0.4552756198664545,0.6617612251608657,1
ATH_075,ATH_051,6,1,0,314.5719299878974,16.907454166170595,2.0506126168386594,0.16954020384510393,3,1,0,2.197826885501751,0.5258928431014134,0.7875796037754246,1
ATH_075,ATH_066,2,0,1,280.11808825290564,26.37191653643505,0.34622336947292265,1.5857798705632309,1,0,1,2.5262878142630516,0.9201034564512192,0.6753076506481145,1
ATH_075,ATH_087,3,0,0,316.26271704762394,17.009502655443285,2.581941208102397,1.4525467440467867,4,1,0,1.485542368617974,1.33069531350616,0.6966698490809391,1
ATH_075,ATH_090,5,0,1,401.14665461507684,24.461530380541532,2.862179669938449,1.1145630381925251,4,0,0,0.03289938399112469,1.2096068536901896,0.5873067968532012,0
ATH_075,ATH_019,3,1,0,261.9939542826346,21.691052108786934,4.773007914226742,0.5266043591904532,1,0,0,2.1935021893752413,3.5302162263457575,0.7504742443496413,1
ATH_075,ATH_058,7,0,1,886.2549232459742,23.057748603593055,2.0670953101848664,2.2540123650242307,0,1,0,2.6440795423687025,2.211232428013794,0.5462172465690222,0
ATH_077,ATH_072,0,0,2,21.175821803567032,17.461249809777726,2.606871673161139,0.9584432613366891,1,1,0,0.2229059279370329,0.9120267838477192,0.6703213415872407,1
ATH_077,ATH_020,6,1,0,510.0880091276149,3.083375983553424,3.0091878445728373,0.3304633976090017,1,0,0,0.18702848783987935,0.05568138272469092,0.7801000475894815,1
ATH_077,ATH_052,8,0,3,285.2958983885983,16.405208929513662,4.436055453041346,0.2353859860234353,1,1,0,1.2560468507318037,2.01097995385848,0.48062962926447755,0
ATH_077,ATH_087,4,0,2,670.1772823008637,10.985556995761243,2.2987904241108863,1.7448071189561647,3,0,0,0.7439944678053338,1.7859709333726146,0.5634027183475929,0
ATH_077,ATH_011,4,0,2,172.5326358729958,5.609230841029927,2.7717771394795303,0.20168777807950455,3,0,0,0.8524498164090941,4.096317432690092,0.6327109635510361,0
ATH_077,ATH_061,5,1,2,392.46921834890645,17.58862333639661,0.18380602365673848,1.0853901999632098,1,0,0,0.5078814734011612,2.7584169606536015,0.7045705924194375,1
ATH_077,ATH_089,2,0,2,438.3173173867076,4.986871496662502,1.3647614053896895,0.14295404840012793,1,0,0,2.6296761651118876,4.010163140159274,0.6804349801276774,1
ATH_077,ATH_005,3,0,3,518.8454965662618,2.3341562105582057,0.985354045148414,0.9215431424226201,2,0,0,2.045724127734071,3.701435309766862,0.6040575410745219,0
ATH_079,ATH_078,7,0,1,935.4531074578085,5.101253617418621,0.6889169088576379,2.348254793679735,4,0,0,1.7188489203548354,1.186801199930744,0.5897255215077135,0
ATH_079,ATH_002,3,0,1,937.9494751427846,2.633720802947039,1.0995153241356093,2.7129231163387253,0,1,0,0.506229284600658,0.7048922788653611,0.708110255700411,1
ATH_079,ATH_050,5,0,0,813.4100179227012,5.88005157978327,3.091969203655953,0.6878750549812391,1,0,0,2.5297840785636474,0.8067993215079801,0.6685268064438101,1
ATH_079,ATH_051,9,0,0,1064.4957021508158,4.859017374377231,0.9891268268325071,2.270430194782211,4,0,0,2.301180063358508,2.3350626351042942,0.6017093750908774,0
ATH_079,ATH_069,19,1,0,635.622474788222,3.072382155553882,0.45861621988078394,0.484363207601918,2,1,1,1.22615644370617,2.690681088883009,0.7080148017643837,1
ATH_079,ATH_092,3,1,1,711.3865819582475,2.929860566748218,0.32431129187799,0.4593960826111694,5,1,0,0.5577435709324963,3.516967226868987,0.8150796719571558,1
ATH_079,ATH_089,4,1,0,834.3265242963862,10.959751362748662,0.586426399375048,2.875184821936821,1,0,0,3.474577243781285,0.6939320420871118,0.7574874981055933,1
ATH_079,ATH_088,13,0,2,391.35944570605534,10.88978656765731,3.0783830072641223,1.7007872683700427,0,0,0,1.0959608166646984,3.5422596885365705,0.45579691575467574,0
ATH_081,ATH_095,12,0,1,359.60444265437945,2.749524449249094,1.6459968313237106,0.9248651484360382,0,1,0,2.309816348274734,2.427944196907222,0.6533247513392244,1
ATH_081,ATH_077,7,0,2,746.8139030365037,3.4570493146980255,2.1568805538974214,1.7326594831667963,2,0,1,0.3040818375385186,3.5797131614344018,0.5419945817773609,0
ATH_081,ATH_025,3,1,0,537.0507813917043,3.7673281799466025,1.0120905278806713,0.11390922856687524,4,0,0,0.4259620781435869,0.47926624728599965,0.8558356729271188,1
ATH_081,ATH_073,12,0,2,679.7719562553641,0.13864665972666046,0.8411404482753966,0.7628070240998444,1,1,0,0.06220198049146486,3.287223686486847,0.6062592911134965,0
ATH_081,ATH_041,15,0,2,1803.5333821140648,8.23865598678725,1.4289953180684325,1.0980645459893346,4,1,0,1.6040044690193715,2.6392994714548825,0.39981381027041357,0
ATH_081,ATH_058,1,0,1,1986.9833915357176,1.4802617329134478,0.37293602770406586,0.8136132567668124,3,0,0,1.5984498040175437,0.9132051135541532,0.7114520051368912,1
ATH_081,ATH_087,3,0,0,1416.9911853373674,7.528507681063218,0.1419098702134649,0.012147635789368394,1,0,0,0.43991263026681526,1.7937422280617872,0.7297904682058517,1
ATH_081,ATH_072,7,1,0,767.9897248400707,20.91829912447575,0.4499911192637178,0.7742162218301072,3,0,0,0.5269877654755515,2.6676863775866826,0.7433184977162104,1
ATH_083,ATH_042,13,0,2,754.3036829465846,11.336984046779733,0.630214235511172,0.10254161413921548,1,0,0,0.16113138090466972,3.179102071956759,0.5152027616041285,0
ATH_083,ATH_081,12,0,1,712.0235249226316,9.912824158389583,0.31400299924382047,0.7951734042457073,0,0,1,0.3273682326463012,0.07754335067452889,0.5786537044405643,0
ATH_083,ATH_020,11,0,3,544.878387241487,9.539150827244981,0.5383042914315954,0.6070226813120874,3,0,0,0.8184785580246992,3.6015751293842397,0.4928167197208756,0
ATH_083,ATH_053,10,0,1,395.1911686705232,3.9075219323777617,2.962922063497608,0.8145821333758043,3,1,0,1.4129039544172972,0.7323110205419869,0.5873117861933411,0
ATH_083,ATH_054,0,1,2,1050.4136336587917,25.762676543197387,0.10604257701604602,0.1416546347985168,3,0,1,0.8815982007745635,0.5968586009990133,0.7297186319245125,1
ATH_083,ATH_032,0,0,0,83.01672428910888,8.778123151302424,1.689357677408875,1.0438143812523393,1,0,0,1.2713610955600085,2.6985969268878165,0.7918086785354623,1
ATH_083,ATH_075,6,1,1,388.7049433671118,34.450834494896085,2.7540343371327527,0.6452257040117111,3,0,0,1.37299797099746,3.201980892242476,0.6538597474406278,1
ATH_083,ATH_050,2,0,1,452.19118912689464,16.52234612331945,1.3994206565293528,1.1068696396343647,3,0,0,1.0534329297094303,0.4657739074712115,0.6727328599010309,1
ATH_085,ATH_051,2,0,0,656.1908365746499,7.520589645883462,1.4000028217936986,0.005455672189651928,1,1,1,0.4217408272476124,1.9843864856422364,0.7757851125351014,1
ATH_085,ATH_011,9,0,0,184.82829453948307,2.0422150018794554,2.4043181284260804,0.2546571284853254,0,0,1,1.8869879738505926,1.1307624840799875,0.6899806240899411,1
ATH_085,ATH_057,0,0,0,168.19775662360325,5.019390633250012,1.1243097024083326,0.6169547980554597,5,1,0,2.008386118750904,1.892699248673818,0.8229797910799898,1
ATH_085,ATH_016,4,0,1,971.24627045021,3.1558295618013688,3.6077461044675374,1.2151962095046356,4,0,1,0.09106625238609034,2.926590107600547,0.6003083991802052,0
ATH_085,ATH_043,3,1,1,548.7920158078236,2.6991969857179754,0.4768160279987059,1.0524718442772185,1,1,0,0.03483698350362907,2.278080036306501,0.8145004093593651,1
ATH_085,ATH_034,1,0,1,2.5489636055963274,11.062606531909537,0.6757646469754706,0.5759160573386941,3,0,0,0.4701694488395738,1.5259068529801922,0.7530101388963357,1
ATH_085,ATH_078,0,0,1,527.1482418816427,7.278353402842072,0.27804091389644636,0.0723689267078722,1,1,0,0.16059031575606042,1.5374773493928018,0.7816536307525013,1
ATH_085,ATH_063,13,1,1,575.9792416390669,7.003026265597455,0.04216097969898591,2.115434582072985,0,0,0,0.635191597183602,0.6353470547232325,0.6450972892885394,0
ATH_087,ATH_067,4,0,1,976.7483133344358,27.40118167751202,1.5490849013119528,0.8868886599868286,2,0,0,0.5939237244316669,2.4195206776155143,0.5926231650813066,0
ATH_087,ATH_089,2,0,0,231.85996491415608,5.998685499098741,0.9340290187211968,1.8877611673562926,4,1,1,1.8856816973065538,2.2241922067866593,0.7642965492945761,1
ATH_087,ATH_039,5,0,0,561.6550523219951,14.581177900405066,0.10689425535039199,0.981798435007831,3,1,0,1.4797162293698864,1.0880179873443812,0.7215926879758511,1
ATH_087,ATH_072,4,0,0,649.0014604972966,28.44680680553897,0.3080812490502529,0.7863638576194756,4,0,0,0.9669003957423667,0.8739441495248954,0.6849441277114092,1
ATH_087,ATH_020,2,0,2,160.08927317324878,7.902181012207819,0.710397420461951,1.414343721347163,4,0,1,0.9310229556452132,1.7302895506479237,0.6675534406063002,1
ATH_087,ATH_028,9,0,1,528.2148569881354,6.3025306483321515,1.374260207662803,0.5864170979563195,0,1,0,1.612863536457196,2.0604149806939223,0.634012765252478,0
ATH_087,ATH_055,8,0,0,1012.7085017964164,6.574233889893833,0.29037931153878116,1.7368537709453475,2,1,0,1.3135235387926958,0.08169820863129829,0.6544584876703028,1
ATH_087,ATH_030,4,0,0,1217.466371433035,24.885760433381662,2.040976007439844,0.26100964709232954,4,0,1,0.9870256108380921,2.453091504636289,0.6369831140929507,0
ATH_089,ATH_075,1,0,0,84.40275213346786,23.008188154542026,1.6479121893812003,0.4352144233095059,0,1,0,3.371224065924528,3.5548875202928194,0.7752696029695786,1
ATH_089,ATH_078,3,0,1,101.12658316142233,5.858497745330041,1.275343308232686,0.5269300282570857,3,1,0,1.7557283234264496,0.49286915784363217,0.7340701102642037,1
ATH_089,ATH_073,7,1,2,505.3592641678472,1.668468841691137,1.6332595967831285,2.6384205556667686,2,0,0,2.387796308064834,3.717673665211719,0.6401124473619833,0
ATH_089,ATH_092,1,1,1,122.93994233813874,13.88961192949688,0.262115107497058,2.4157887393256514,4,0,0,2.9168336728487887,4.210899268956099,0.7943444954280462,1
ATH_089,ATH_047,0,0,1,876.2105448186289,0.5034333173625924,1.3260460698582355,2.6372978927918895,4,0,1,0.08728612301087679,3.851707094763414,0.7321612551202368,1
ATH_089,ATH_049,0,1,0,58.01767200363838,23.743795311595434,2.847508743592515,0.03639211642267881,0,0,0,1.8092599472555833,0.9780001814616543,0.8517345066769065,1
ATH_089,ATH_094,5,1,1,662.643941670141,7.538744653269447,0.6547218275352886,2.3647299591180078,1,1,0,1.9857820845502685,0.6827045281327049,0.7352102407351523,1
ATH_089,ATH_011,6,0,0,610.8499532597034,0.6223593443674247,1.4070157340898408,0.3446418264796325,4,0,1,3.4821259815209817,0.08615429253081786,0.7696733830782811,1
ATH_091,ATH_045,3,1,1,1026.347224698924,14.677561629172118,2.3127937421748914,0.7768364225058981,0,0,0,2.051167412224131,0.08410076680204082,0.7188109605727494,1
ATH_091,ATH_051,0,0,0,921.4659210651635,11.48079536147766,0.35788409621622286,2.1393414548672585,1,0,1,0.3016285000472134,1.2594758275483784,0.7360824866639833,1
ATH_091,ATH_092,6,1,1,568.3568008725952,3.691917420352212,1.02269963117074,0.32830734269621686,0,1,0,2.0450649924732254,2.441380419313071,0.7809234928524725,1
ATH_091,ATH_098,10,0,0,167.7067563402809,19.2479258780142,1.9606241169975824,0.7913917338943932,5,0,0,1.5013112404608746,1.5937547075353784,0.6767309497148616,1
ATH_091,ATH_080,2,1,1,262.68388103105417,5.8186143401939034,1.1409774571392566,1.4799883561207352,0,0,0,0.021288208587602497,2.446230887152356,0.8062550152694026,1
ATH_091,ATH_029,3,0,1,1667.7967306659275,22.76977222729701,1.103229545362903,2.2325605160504347,1,0,1,1.4763784787964038,2.4119052027298675,0.61112707319943,0
ATH_091,ATH_053,2,1,0,177.00212096036898,25.11665375782539,2.6173844394197374,0.849073821324847,4,1,1,2.5393613689688017,2.1489232421346713,0.8022738257709559,1
ATH_091,ATH_001,10,0,2,302.11542079176047,9.964243764654512,2.2590480612970563,1.0429883817971728,0,0,0,0.08651040522815023,0.9183102628012554,0.5351081995827817,0
ATH_093,ATH_044,11,0,0,581.4463793114576,3.1097778536412477,1.519314252760295,0.3545882309611219,0,1,1,1.0042870980513445,1.5501444073412127,0.6643230732816082,1
ATH_093,ATH_025,2,0,0,207.04147204358674,7.641393900801759,1.312365372819798,0.6934857170784596,4,0,0,0.4720257900397904,0.8795562019645811,0.7701428587939005,1
ATH_093,ATH_055,10,1,0,339.80956989434003,12.362995871917747,0.7325640266913727,2.3042826236675635,1,0,1,1.7994998809557146,0.5166179874425048,0.7141890272943332,1
ATH_093,ATH_086,5,0,2,429.9348290146115,19.290866759226617,2.044269388796595,1.535834684037062,2,0,0,0.7541620587792011,1.4711982252247129,0.5565176329668494,0
ATH_093,ATH_008,6,0,2,1319.6201179570128,4.220861490564317,0.9906442797673307,0.5493745917216959,3,1,0,1.0422960915835873,0.981232005982335,0.5800610992763721,0
ATH_093,ATH_094,1,0,1,221.6049746822207,20.477288915982285,0.1628775239666833,0.09046006096050085,4,0,0,0.38587595491930404,2.4719769561081577,0.7388565895522974,1
ATH_093,ATH_073,11,0,2,64.32029717992691,11.270075421021701,1.1414152932145232,0.18323053558825997,1,1,0,0.01613826859526135,1.9284012372362662,0.5833222494640692,0
ATH_093,ATH_070,5,0,0,69.01757093796869,14.11189189121444,1.028529687823239,2.224459300242848,2,1,0,0.3009725464882411,1.1265997336308704,0.7068490944426761,1
ATH_095,ATH_094,12,1,2,162.88283609869086,6.3190423859848295,1.5085995103512673,1.4139815759871217,4,0,0,1.9700041052516335,3.541098703764799,0.6118964344609902,0
ATH_095,ATH_052,13,0,2,101.91356199352595,10.198635165566543,3.9251717304676355,0.5724083487073228,3,0,0,1.357851335081449,0.8592109893313005,0.47421549913717187,0
ATH_095,ATH_009,10,1,1,1287.774356187852,3.4200859025037573,0.9919790987717052,0.14458277540871745,1,1,0,3.5431864293975757,2.352154088101927,0.6859788190610823,1
ATH_095,ATH_089,7,1,1,825.5267777688318,1.2197022672846174,0.8538776828159786,0.950748383130886,3,0,0,0.015777979298635003,2.8583941756320943,0.7249460919630134,1
ATH_095,ATH_049,7,1,1,767.5091057651935,22.524093044310817,3.7013864264084937,0.9143562667082072,3,0,1,1.7934819679569483,1.88039399417044,0.6211955889297145,0
ATH_095,ATH_015,14,0,1,833.9372096826,22.300702315235483,0.3254132848219964,1.4539921700807978,4,1,0,3.173045959844556,0.9064444915133709,0.5553406655308204,0
ATH_095,ATH_054,0,0,0,1402.8327159270439,13.10032793555871,2.066042407583577,0.011962890608185894,3,0,0,1.1008499148538693,1.9086289465827377,0.712789267733174,1
ATH_095,ATH_066,4,0,0,1021.2421138882696,4.583430649177643,0.447811137092299,1.0702459107418507,4,1,0,0.8291582723628412,0.22361011179049406,0.7764632789495218,1
ATH_097,ATH_005,9,0,2,187.6386211393774,1.9832734612738392,2.4787235561767815,0.655457211089554,5,0,0,2.698651089242035,0.5050546669901479,0.569113353708955,0
ATH_097,ATH_048,0,0,2,443.56775705474774,3.179493036267445,3.3863489059867167,2.018753053596476,2,0,0,2.2438652334175204,0.09883161012373076,0.6229239352526879,0
ATH_097,ATH_028,11,0,0,189.24445011415605,0.3655966755970468,0.2089730304484938,2.065138285579418,0,0,0,3.0097849657704936,0.6500052712898228,0.6687352136992282,1
ATH_097,ATH_080,1,0,0,846.8701822819648,12.432356834485645,2.4797091294010807,0.855067746167939,0,0,0,2.4321226548318906,3.4019672394128238,0.7164710359950429,1
ATH_097,ATH_100,4,0,1,338.92443049539816,30.961281999093828,2.4221873414897868,0.3527746761643744,2,0,0,0.1491507336635296,1.8876056303369193,0.6173489680988198,0
ATH_097,ATH_081,1,0,1,1078.020778463388,0.8603803571340194,1.307197047427774,1.4665735518337302,1,0,1,0.9570087990464824,0.3833325186576877,0.6855565166103993,1
ATH_097,ATH_059,3,0,1,195.0094325967798,21.252209475021843,1.8822465721364754,0.3556301219098632,4,1,0,1.9219220535652406,0.1548897554591857,0.6833511636835147,1
ATH_097,ATH_026,13,0,0,139.65647286825288,15.712177248910763,0.6634898270215199,1.3394764120210647,0,0,0,2.145746449410665,2.769315900630507,0.6160538067429304,0
ATH_099,ATH_064,6,0,1,452.6500260186749,2.7439397469607627,0.4866175421201744,1.8038388628513555,2,0,0,0.7926156737728354,1.3636574683795377,0.7104336187372386,1
ATH_099,ATH_037,7,0,2,1.6342770156911683,10.478345617668609,2.151103740072913,0.7623518122873669,4,0,0,0.35200062818277633,0.39705036768132196,0.5906102968084904,0
ATH_099,ATH_023,1,1,1,7.662617588500325,19.217217759647426,2.908913795943172,0.7705079705326483,0,1,0,0.9092420035886777,0.6098479384616775,0.795928791756911,1
ATH_099,ATH_076,2,0,1,417.90981781148,9.281169328726321,0.019256326870750406,0.9390312503975871,0,0,1,2.8912910844005593,1.6495296677687818,0.7876880821623428,1
ATH_099,ATH_061,7,0,1,336.10255635031444,16.732437725633403,1.1221932928600769,0.6759173579912598,3,1,0,0.09157681614335011,0.9110281801897679,0.6401273918671301,0
ATH_099,ATH_081,5,1,1,803.1805650350957,4.313234925461231,0.8508812373806061,0.028648074787673394,4,0,0,0.9035401270830299,1.7323243809705682,0.7671046557841295,1
ATH_099,ATH_045,2,0,2,717.0011368763057,8.747024828102681,1.4934471296283354,0.06299805316137252,5,0,0,0.3061983620567048,0.4773562768544535,0.7019815083669765,1
ATH_099,ATH_005,5,0,0,462.47883456766976,3.190341821321411,0.3206452713684014,0.8397644155318496,0,1,0,2.6451824172785825,1.8540465293030284,0.8179203744316572,1
